filename,label
feda0fb2.jpg,Ajwa
f10703e9.png,Ajwa
04cdb8ab.jpg,Ajwa
56fa4cc4.jpg,Ajwa
e17feef7.jpg,Ajwa
55262933.jpg,Ajwa
bf3fad35.jpg,Ajwa
92ce537b.png,Ajwa
eb6cf482.jpg,Ajwa
7568324d.jpg,Ajwa
a1d3ec0f.jpg,Ajwa
3c8e617a.jpg,Ajwa
73b05b0f.jpg,Ajwa
9cb951b7.jpg,Ajwa
bdaed8f6.jpg,Ajwa
43ec30dd.jpg,Ajwa
6f3c3c10.jpg,Ajwa
1e26107e.jpg,Ajwa
04087ada.jpg,Ajwa
359f76de.jpg,Ajwa
63d9c945.jpg,Ajwa
a8d991ee.jpg,Ajwa
e8e52de5.jpg,Ajwa
688a6e4f.jpg,Ajwa
5a833aad.jpg,Ajwa
06c16477.jpg,Ajwa
ed207962.jpg,Ajwa
1beaa998.jpg,Ajwa
a715a5e6.jpg,Ajwa
d27843db.jpg,Ajwa
56ad94dd.jpg,Ajwa
3c6b32f6.jpg,Ajwa
508fcc81.jpg,Ajwa
33a1db8a.jpg,Ajwa
803e8b1a.jpg,Ajwa
ddf16e2c.jpg,Ajwa
0bd21f22.jpg,Ajwa
76c2042e.jpg,Ajwa
1f7fae66.jpg,Ajwa
532f7ebc.jpg,Ajwa
9859216c.jpg,Ajwa
9c94f78f.jpg,Ajwa
012d0763.jpg,Ajwa
0791cc15.jpg,Ajwa
7870f21d.jpg,Ajwa
66218fbd.jpg,Ajwa
6b3c958c.jpg,Ajwa
8f44c0c5.jpg,Ajwa
fa164e0d.jpg,Ajwa
5db74931.jpg,Ajwa
f774e208.jpg,Ajwa
6d391adb.jpg,Ajwa
d3fb29f0.jpg,Ajwa
95c6b9ab.jpg,Ajwa
061807e4.jpg,Ajwa
f34fbeae.jpg,Ajwa
00712eb1.jpg,Ajwa
86cc58f1.jpg,Ajwa
a996ec7e.jpg,Ajwa
495cb552.jpg,Ajwa
c03d954c.jpg,Ajwa
3d21631a.jpg,Ajwa
216097b4.jpg,Ajwa
58e8ddc2.jpg,Ajwa
4a990018.jpg,Ajwa
1dcb603d.jpg,Ajwa
3ffc2ac6.jpg,Ajwa
c56b648e.jpg,Ajwa
7c81b73c.jpg,Ajwa
1b52eb68.jpg,Ajwa
6c7e447b.jpg,Ajwa
d02a7473.jpg,Ajwa
a8872eca.jpg,Medjool
f4a32f39.jpg,Medjool
4a7ac23f.jpg,Medjool
6d58a5df.jpg,Medjool
8ee2c0fc.jpg,Medjool
d0227d5e.jpg,Medjool
1be496d4.jpg,Medjool
0a443f39.jpg,Medjool
e5df206d.jpg,Medjool
d53a674e.jpg,Medjool
2baa9811.jpg,Medjool
b63fe059.jpg,Medjool
984f0bee.jpg,Medjool
8e8eac3d.jpg,Medjool
b43c2e04.jpg,Medjool
e9b6d794.jpg,Medjool
6dff814b.jpg,Medjool
add1eaf7.jpg,Medjool
2473f0b2.jpg,Medjool
3c7ac28e.jpg,Medjool
1e95ca89.jpg,Medjool
8897af20.jpg,Medjool
5ed3ef7e.jpg,Medjool
35003de7.jpg,Medjool
7d292d99.jpg,Medjool
df896534.jpg,Medjool
42af144c.jpg,Medjool
e94a021d.jpg,Medjool
f8fc8b89.jpg,Medjool
caef07cf.jpg,Medjool
62bb5c8d.jpg,Medjool
828af03d.jpg,Medjool
6ef16689.jpg,Medjool
c5023899.jpg,Medjool
58d38747.jpg,Medjool
a8f2673e.jpg,Medjool
cf3c5441.jpg,Medjool
acd79cba.jpg,Medjool
3ef99d88.jpg,Medjool
e0955245.jpg,Medjool
ccba8d8a.jpg,Medjool
81ead939.jpg,Medjool
02a272ac.jpg,Medjool
5a353c27.jpg,Medjool
9f753562.jpg,Meneifi
6335ddd7.jpg,Meneifi
99adcf70.jpg,Meneifi
fa0e78bd.jpg,Meneifi
36aa1047.jpg,Meneifi
11580deb.jpg,Meneifi
5a4322fc.jpg,Meneifi
0e686531.jpg,Meneifi
d26a288c.jpg,Meneifi
52d8c64d.jpg,Meneifi
317391b0.jpg,Meneifi
f4a3824c.jpg,Meneifi
592089dd.jpg,Meneifi
d4467f2f.jpg,Meneifi
44e78a9e.jpg,Meneifi
3e89870e.jpg,Meneifi
5673ba7d.jpg,Meneifi
bb2ab915.jpg,Meneifi
967423d9.jpg,Meneifi
fa2ed8f8.jpg,Meneifi
56048f91.jpg,Meneifi
58e238e0.jpg,Meneifi
b7600f4c.jpg,Meneifi
ba7990df.jpg,Meneifi
f15c8f38.jpg,Meneifi
f50dac56.jpg,Meneifi
b32a88a9.jpg,Meneifi
d6787d1f.jpg,Meneifi
f03d33ba.jpg,Meneifi
e5c44f20.jpg,Meneifi
dfe008f8.jpg,Meneifi
b3528d9a.jpg,Meneifi
d589635e.jpg,Meneifi
bfeff326.jpg,Meneifi
6ce8c3fc.jpg,Meneifi
5d30bc4b.jpg,Meneifi
7f9a5a0e.jpg,Meneifi
8765f2d5.jpg,Meneifi
fa0c76a8.jpg,Meneifi
aed3f069.jpg,Meneifi
7ae5b72f.jpg,Meneifi
9a491d1d.jpg,Meneifi
d674a1b3.jpg,Meneifi
6bc24a2a.jpg,Meneifi
1cba6d6e.jpg,Meneifi
e74bbd47.jpg,Meneifi
afd169e9.jpg,Meneifi
c17c81a2.jpg,Meneifi
70052b66.jpg,Meneifi
e3fdfa8b.jpg,Meneifi
47db0e7f.jpg,Meneifi
8820cb6f.jpg,Meneifi
0ae6c0f8.jpg,Meneifi
4d7d3b32.jpg,Meneifi
f374dfc8.jpg,Meneifi
b5213f96.jpg,Meneifi
42189c00.jpg,Meneifi
2218dcc0.jpg,Meneifi
eef696be.jpg,Meneifi
26d01fa6.jpg,Meneifi
b0a84028.jpg,Meneifi
6cb79284.jpg,Meneifi
27bfd2fd.jpg,Meneifi
491159f2.jpg,Meneifi
ba3e3b40.jpg,Meneifi
6ccc914a.jpg,Meneifi
29b971d6.jpg,Meneifi
3625bc27.jpg,Meneifi
e8aa61dc.jpg,Meneifi
33f62e25.jpg,Meneifi
3c254e9f.jpg,Meneifi
cf0a90c5.jpg,Meneifi
d5dee483.jpg,Nabtat Ali
a373f596.jpg,Nabtat Ali
6dc8f897.jpg,Nabtat Ali
62205101.jpg,Nabtat Ali
200a06fe.jpg,Nabtat Ali
9a8b9f63.jpg,Nabtat Ali
9801c31d.jpg,Nabtat Ali
fa785da7.jpg,Nabtat Ali
e7834bd9.jpg,Nabtat Ali
815b31e6.jpg,Nabtat Ali
ca43a2f2.jpg,Nabtat Ali
c7b33400.jpg,Nabtat Ali
729d059b.jpg,Nabtat Ali
ef0473b2.jpg,Nabtat Ali
61acac2f.jpg,Nabtat Ali
53a20829.jpg,Nabtat Ali
731af5ee.jpg,Nabtat Ali
dfadd550.jpg,Nabtat Ali
7292aea6.jpg,Nabtat Ali
87084b1b.jpg,Nabtat Ali
e8155dcb.jpg,Nabtat Ali
568d52f9.jpg,Nabtat Ali
5901f23d.jpg,Nabtat Ali
ce59857d.jpg,Nabtat Ali
97d361e2.jpg,Nabtat Ali
8c99b86a.jpg,Nabtat Ali
a33c6ae0.jpg,Nabtat Ali
9580a8e0.jpg,Nabtat Ali
d44f60cd.jpg,Nabtat Ali
d1452f82.jpg,Nabtat Ali
2d023b85.jpg,Nabtat Ali
156c3c60.jpg,Nabtat Ali
1cbccb3f.jpg,Nabtat Ali
1a721167.jpg,Nabtat Ali
c62b78ad.jpg,Nabtat Ali
0675b0aa.jpg,Nabtat Ali
fa71c5c0.jpg,Nabtat Ali
b58998bf.jpg,Nabtat Ali
8814f1f6.jpg,Nabtat Ali
3e618025.jpg,Nabtat Ali
91e73344.jpg,Nabtat Ali
076948fb.jpg,Nabtat Ali
3c0b06a6.jpg,Nabtat Ali
6bcd97a8.jpg,Nabtat Ali
11cdeb71.jpg,Nabtat Ali
d3141108.jpg,Nabtat Ali
a5f7904b.jpg,Nabtat Ali
afa7ac4b.jpg,Nabtat Ali
34c6f1c5.jpg,Nabtat Ali
d1d35612.jpg,Nabtat Ali
4e6a3534.jpg,Nabtat Ali
e5bec141.jpg,Nabtat Ali
75942cee.jpg,Nabtat Ali
6c4ccb57.jpg,Shaishe
166f816f.jpg,Shaishe
cb3d4d6c.jpg,Shaishe
cf03ceb1.jpg,Shaishe
924ee2f2.jpg,Shaishe
9f54488e.jpg,Shaishe
86eb3108.jpg,Shaishe
07990d07.jpg,Shaishe
5a9291b2.jpg,Shaishe
302c1142.jpg,Shaishe
57605c22.jpg,Shaishe
e91a7b4e.jpg,Shaishe
e6018ced.jpg,Shaishe
e7f9b2d8.jpg,Shaishe
fcd0724f.jpg,Shaishe
70fbb828.jpg,Shaishe
69780263.jpg,Shaishe
d8d5cbb8.jpg,Shaishe
6f453a60.jpg,Shaishe
687f3893.jpg,Shaishe
c8a2ded1.jpg,Shaishe
9db889cf.jpg,Shaishe
d11e50a9.jpg,Shaishe
81a70bf7.jpg,Shaishe
49bd021b.jpg,Shaishe
250d6595.jpg,Shaishe
5a7789c0.jpg,Shaishe
c909d91f.jpg,Shaishe
63a4a862.jpg,Shaishe
4e0372e2.jpg,Shaishe
c9fe2fb2.jpg,Shaishe
87f8aebd.jpg,Shaishe
103d8cd0.jpg,Shaishe
fd95862d.jpg,Shaishe
2ca4cd92.jpg,Shaishe
27eddd46.jpg,Shaishe
2075f64b.jpg,Shaishe
613bf91f.jpg,Shaishe
30ff8b47.jpg,Shaishe
18c53e3b.jpg,Shaishe
e1eb4118.jpg,Shaishe
d5e6461d.jpg,Shaishe
a3e685f8.jpg,Shaishe
a5b723b1.jpg,Shaishe
9eab6193.jpg,Shaishe
65b79aca.jpg,Shaishe
3eadc0b6.jpg,Shaishe
7e724c71.jpg,Shaishe
50b2731d.jpg,Shaishe
95f2d9b6.jpg,Shaishe
ca85acbe.jpg,Shaishe
d0d6e0b2.jpg,Shaishe
1e187615.jpg,Shaishe
d0782e0c.jpg,Shaishe
d974b49d.jpg,Shaishe
a7564042.jpg,Shaishe
f9238a3e.jpg,Shaishe
f307221d.jpg,Shaishe
9445c2ac.jpg,Sokari
403cb520.jpg,Sokari
b9315a31.jpg,Sokari
4dfd7eb6.jpg,Sokari
8f03cfa2.jpg,Sokari
3691e294.jpg,Sokari
fc9d7f32.jpg,Sokari
318bae6b.jpg,Sokari
6603a05e.jpg,Sokari
a446d132.jpg,Sokari
b64e2228.jpg,Sokari
de041fdd.jpg,Sokari
b2a98aad.jpg,Sokari
21f1cef2.jpg,Sokari
ebb542e3.jpg,Sokari
48b93147.jpg,Sokari
2402c38e.jpg,Sokari
aade7882.jpg,Sokari
6b844247.jpg,Sokari
33d3889f.jpg,Sokari
4bb02b65.jpg,Sokari
3910af2c.jpg,Sokari
cb1133fc.jpg,Sokari
4fc97811.jpg,Sokari
971870d7.jpg,Sokari
17b5f201.jpg,Sokari
480e6c15.jpg,Sokari
633646d3.jpg,Sokari
9cb597f4.jpg,Sokari
85755dde.jpg,Sokari
c490b4e7.jpg,Sokari
f682a8fe.jpg,Sokari
dd5987a9.jpg,Sokari
22e9c796.jpg,Sokari
f6f37867.jpg,Sokari
a24b9775.jpg,Sokari
26147a03.jpg,Sokari
0ea45fa0.jpg,Sokari
abfabb99.jpg,Sokari
145ccbeb.jpg,Sokari
7cc24804.jpg,Sokari
f40a3c38.jpg,Sokari
eac24cd1.jpg,Sokari
bdb25c88.jpg,Sokari
2a09068f.jpg,Sokari
f0f19b4d.jpg,Sokari
5883dab8.jpg,Sokari
987ec7ed.jpg,Sokari
f97d77b4.jpg,Sokari
4f8d61b7.jpg,Sokari
9df3eff6.jpg,Sokari
cb8dddc8.jpg,Sokari
a6b56581.jpg,Sokari
48d40edf.jpg,Sokari
b12b8743.jpg,Sokari
a5a2e1fd.jpg,Sokari
ba4c4bab.jpg,Sokari
1d2221c9.jpg,Sokari
72c90c42.jpg,Sokari
7ea99d18.jpg,Sokari
06c3d4eb.jpg,Sokari
e693fc92.jpg,Sokari
1cd4efc1.jpg,Sokari
f14189d7.jpg,Sokari
f07fe1b2.jpg,Sokari
e7a22079.jpg,Sokari
dabfad92.jpg,Sokari
29eb690c.jpg,Sokari
1de52ff2.jpg,Sokari
437c80a1.jpg,Sokari
383784c4.jpg,Sokari
29d0fb6c.jpg,Sokari
253e51d0.jpg,Sokari
15d77879.jpg,Sokari
0d722938.jpg,Sokari
5f2c3045.jpg,Sokari
218cba8b.jpg,Sokari
d3b7c4ac.jpg,Sokari
82c57e95.jpg,Sokari
57df6902.jpg,Sokari
6ab78709.jpg,Sokari
33747199.jpg,Sokari
a90a43e3.jpg,Sokari
4c8dca4e.jpg,Sokari
d756560d.jpg,Sokari
fa9a5ca5.jpg,Sugaey
fae021e7.jpg,Sugaey
cf611c6f.jpg,Sugaey
d97f7b2a.jpg,Sugaey
dcbb6516.jpg,Sugaey
79f0fc20.jpg,Sugaey
f3e87830.jpg,Sugaey
8b524ec6.jpg,Sugaey
286c9eae.jpg,Sugaey
4b07e6c6.jpg,Sugaey
99c300ac.jpg,Sugaey
fe011678.jpg,Sugaey
c856d729.jpg,Sugaey
46f0589f.jpg,Sugaey
75a6174e.jpg,Sugaey
16e2ad90.jpg,Sugaey
54c7fbe5.jpg,Sugaey
8ab6c68b.jpg,Sugaey
81890dd4.jpg,Sugaey
e6e1a687.jpg,Sugaey
cc56a1f1.jpg,Sugaey
171553cc.jpg,Sugaey
81b63b94.jpg,Sugaey
0f187686.jpg,Sugaey
e8d85061.jpg,Sugaey
be1150f3.jpg,Sugaey
2a9de12b.jpg,Sugaey
2c87d66c.jpg,Sugaey
5c96c6b4.jpg,Sugaey
d44f0d18.jpg,Sugaey
a111a1b3.jpg,Sugaey
f8f51fe4.jpg,Sugaey
21d96a29.jpg,Sugaey
27a0d122.jpg,Sugaey
46f491dc.jpg,Sugaey
945ff507.jpg,Sugaey
6d9cc25f.jpg,Sugaey
e0618e4c.jpg,Sugaey
1f9f50c3.jpg,Sugaey
108ffe68.jpg,Sugaey
550f7c52.jpg,Sugaey
76c9d0f9.jpg,Sugaey
528ce815.jpg,Sugaey
10400a97.jpg,Sugaey
a195ca3f.jpg,Sugaey
64fcc5d4.jpg,Sugaey
074767aa.jpg,Sugaey
910f851e.jpg,Sugaey
